"","pit","cvr","biasNAR","cvr","biasNAR"
"1","2.5%",0.9402,0.006218,0.9044,-0.02987
"2","5%",0.9505,-0.004728,0.9265,-0.03288
"3","7.5%",0.9559,-0.005878,0.9206,-0.04865
"4","10%",0.9598,-0.003519,0.9221,-0.03907
